URL,80
ryanair.com,X,
ryanairemail.com,X,
b737trassessments.com,X,
transport2-bt.ryanair.com,X,
idp-sso-sit.ryanair.com,X,
fdc.ryanair.com,X,
legacy.ryanair.com,X,
exsftp.ryanair.com,X,
sync-dev.ryanair.com,X,
fr27dns.ryanair.com,X,
oat-aem.ryanair.com,X,
services-api.ryanair.com,X,
lt-desktopapps.ryanair.com,X,
crewops.ryanair.com,X,
sgmt-api.ryanair.com,X,
mt.ryanair.com,X,
oat-csp-reporter.fr150.ryanair.com,X,
mft.ryanair.com,X,
flights.ryanair.com,X,
send2.change.ryanair.com,X,
hotels.ryanair.com,X,
adfs.ryanair.com,X,
advisory.ryanair.com,X,
sentry.ryanair.com,X,
master.mt.ryanair.com,X,
dev-fdc.ryanair.com,X,
airporttransfers.ryanair.com,X,
carhire.ryanair.com,X,
eu261compensationclaims.ryanair.com,X,
fltw-api-uat.ryanair.com,X,
mail2.ryanair.com,X,
csimages.ryanair.com,X,
kong-app-pci-dev.fr162-0.ryanair.com,X,
laudamotion.sit-news.fr164-1.ryanair.com,X,
sit-myrooms-mail.ryanair.com,X,
sit-services-api.ryanair.com,X,
sit.b737trassessments.com,X,
news.ryanair.com,X,
mail.ryanair.com,X,
eu261claims.ryanair.com,X,
mailserver.change.ryanair.com,X,
oat-m.ryanair.com,X,
dev-adverts.ryanair.com,X,
careers.ryanair.com,X,
interch.ryanair.com,X,
sit-etechlog-api.fr152.ryanair.com,X,
www.b737trassessments.com,X,
sit-mntappbp.ryanair.com,X,
fleethub.ryanair.com,X,
change.ryanair.com,X,
schchng.ryanair.com,X,
web-goauth-api-prod.fr150.ryanair.com,X,
mock-session.fr153.ryanair.com,X,
sit-mawbp.ryanair.com,X,
pilotapp.ryanair.com,X,
mirror1.ryanair.com,X,
care.ryanair.com,X,
es-opensearch-testlogs.fr162-128.ryanair.com,X,
laudamotion.dev-news.fr164-0.ryanair.com,X,
dev-buzzair.fr164-0.ryanair.com,X,
www.ryanair.com,X,
intranet.ryanair.com,X,
smetrics.ryanair.com,X,
sit-news.fr164-1.ryanair.com,X,
prometheus.fr163-0.ryanair.com,X,
privatetransfers.ryanair.com,X,
uat-etechlog-api.fr152.ryanair.com,X,
fltw-admin-sit.ryanair.com,X,
sit-ota.ryanair.com,X,
service.ryanairemails.com,X,
sit-mgpbp.ryanair.com,X,
uat-myrooms-images.ryanair.com,X,
oat-mntapp3ds.ryanair.com,X,
mpr-api.ryanair.com,X,
oat-mntappgp.ryanair.com,X,
onlineform.ryanair.com,X,
mirror2.ryanair.com,X,
dev-mntappas.ryanair.com,X,
ux.ryanair.com,X,
investor.ryanair.com,X,
uat-booking-mobile.fr152.ryanair.com,X,
web-mdr-upload-api-oat.fr150.ryanair.com,X,
internal-app-alb.internalkong.prod.ryanair.com,X,
external-app-alb.externalkong.nonprod.ryanair.com,X,
sit-developer.ryanair.com,X,
fltinf-api.ryanair.com,X,
blog.ryanair.com,X,
www.ryanairemail.com,X,
fltw-admin.ryanair.com,X,
uat-api.ryanair.com,X,
dev-basetransfer-api.ryanair.com,X,
mdr-upload-api.ryanair.com,X,
uat-mhwbp.ryanair.com,X,
stftravel2.ryanair.com,X,
sit-booking-availi.fr152.ryanair.com,X,
dev.b737trassessments.com,X,
mdr-access-api.ryanair.com,X,
oat-mhwbp.ryanair.com,X,
dev-airsidegreen.fr164-0.ryanair.com,X,
help.ryanair.com,X,
prod-basket-api.fr150.ryanair.com,X,
booking-api-oat.fr150.ryanair.com,X,
kong-admin-pci-exp.fr162-0.ryanair.com,X,
ryanairita.ryanair.com,X,
ryanair.de,X,
tickets.ryanair.com,X,