Protocol,Port,Domain,Request Status,Screenshot Path, Source Path
http,80,ryanair.com,Successful,/home/kali/Desktop/herramientas/EyeWitness/Python/eyewitnessryanair/screens/http.ryanair.com.png,/home/kali/Desktop/herramientas/EyeWitness/Python/eyewitnessryanair/source/http.ryanair.com.txt
http,80,ryanairemail.com,Successful,/home/kali/Desktop/herramientas/EyeWitness/Python/eyewitnessryanair/screens/http.ryanairemail.com.png,/home/kali/Desktop/herramientas/EyeWitness/Python/eyewitnessryanair/source/http.ryanairemail.com.txt
http,80,b737trassessments.com,Successful,/home/kali/Desktop/herramientas/EyeWitness/Python/eyewitnessryanair/screens/http.b737trassessments.com.png,/home/kali/Desktop/herramientas/EyeWitness/Python/eyewitnessryanair/source/http.b737trassessments.com.txt
http,80,transport2-bt.ryanair.com,Timeout,/home/kali/Desktop/herramientas/EyeWitness/Python/eyewitnessryanair/screens/http.transport2-bt.ryanair.com.png,/home/kali/Desktop/herramientas/EyeWitness/Python/eyewitnessryanair/source/http.transport2-bt.ryanair.com.txt
http,80,idp-sso-sit.ryanair.com,BadStatus,/home/kali/Desktop/herramientas/EyeWitness/Python/eyewitnessryanair/screens/http.idp-sso-sit.ryanair.com.png,/home/kali/Desktop/herramientas/EyeWitness/Python/eyewitnessryanair/source/http.idp-sso-sit.ryanair.com.txt
http,80,fdc.ryanair.com,Timeout,/home/kali/Desktop/herramientas/EyeWitness/Python/eyewitnessryanair/screens/http.fdc.ryanair.com.png,/home/kali/Desktop/herramientas/EyeWitness/Python/eyewitnessryanair/source/http.fdc.ryanair.com.txt
http,80,legacy.ryanair.com,Successful,/home/kali/Desktop/herramientas/EyeWitness/Python/eyewitnessryanair/screens/http.legacy.ryanair.com.png,/home/kali/Desktop/herramientas/EyeWitness/Python/eyewitnessryanair/source/http.legacy.ryanair.com.txt
http,80,exsftp.ryanair.com,Timeout,/home/kali/Desktop/herramientas/EyeWitness/Python/eyewitnessryanair/screens/http.exsftp.ryanair.com.png,/home/kali/Desktop/herramientas/EyeWitness/Python/eyewitnessryanair/source/http.exsftp.ryanair.com.txt
http,80,sync-dev.ryanair.com,Timeout,/home/kali/Desktop/herramientas/EyeWitness/Python/eyewitnessryanair/screens/http.sync-dev.ryanair.com.png,/home/kali/Desktop/herramientas/EyeWitness/Python/eyewitnessryanair/source/http.sync-dev.ryanair.com.txt
http,80,fr27dns.ryanair.com,Timeout,/home/kali/Desktop/herramientas/EyeWitness/Python/eyewitnessryanair/screens/http.fr27dns.ryanair.com.png,/home/kali/Desktop/herramientas/EyeWitness/Python/eyewitnessryanair/source/http.fr27dns.ryanair.com.txt
http,80,oat-aem.ryanair.com,Timeout,/home/kali/Desktop/herramientas/EyeWitness/Python/eyewitnessryanair/screens/http.oat-aem.ryanair.com.png,/home/kali/Desktop/herramientas/EyeWitness/Python/eyewitnessryanair/source/http.oat-aem.ryanair.com.txt
http,80,services-api.ryanair.com,Successful,/home/kali/Desktop/herramientas/EyeWitness/Python/eyewitnessryanair/screens/http.services-api.ryanair.com.png,/home/kali/Desktop/herramientas/EyeWitness/Python/eyewitnessryanair/source/http.services-api.ryanair.com.txt
http,80,lt-desktopapps.ryanair.com,Timeout,/home/kali/Desktop/herramientas/EyeWitness/Python/eyewitnessryanair/screens/http.lt-desktopapps.ryanair.com.png,/home/kali/Desktop/herramientas/EyeWitness/Python/eyewitnessryanair/source/http.lt-desktopapps.ryanair.com.txt
http,80,crewops.ryanair.com,Timeout,/home/kali/Desktop/herramientas/EyeWitness/Python/eyewitnessryanair/screens/http.crewops.ryanair.com.png,/home/kali/Desktop/herramientas/EyeWitness/Python/eyewitnessryanair/source/http.crewops.ryanair.com.txt
http,80,sgmt-api.ryanair.com,BadStatus,/home/kali/Desktop/herramientas/EyeWitness/Python/eyewitnessryanair/screens/http.sgmt-api.ryanair.com.png,/home/kali/Desktop/herramientas/EyeWitness/Python/eyewitnessryanair/source/http.sgmt-api.ryanair.com.txt
http,80,mt.ryanair.com,Timeout,/home/kali/Desktop/herramientas/EyeWitness/Python/eyewitnessryanair/screens/http.mt.ryanair.com.png,/home/kali/Desktop/herramientas/EyeWitness/Python/eyewitnessryanair/source/http.mt.ryanair.com.txt
http,80,oat-csp-reporter.fr150.ryanair.com,Successful,/home/kali/Desktop/herramientas/EyeWitness/Python/eyewitnessryanair/screens/http.oat-csp-reporter.fr150.ryanair.com.png,/home/kali/Desktop/herramientas/EyeWitness/Python/eyewitnessryanair/source/http.oat-csp-reporter.fr150.ryanair.com.txt
http,80,mft.ryanair.com,Timeout,/home/kali/Desktop/herramientas/EyeWitness/Python/eyewitnessryanair/screens/http.mft.ryanair.com.png,/home/kali/Desktop/herramientas/EyeWitness/Python/eyewitnessryanair/source/http.mft.ryanair.com.txt
http,80,flights.ryanair.com,Timeout,/home/kali/Desktop/herramientas/EyeWitness/Python/eyewitnessryanair/screens/http.flights.ryanair.com.png,/home/kali/Desktop/herramientas/EyeWitness/Python/eyewitnessryanair/source/http.flights.ryanair.com.txt
http,80,send2.change.ryanair.com,Timeout,/home/kali/Desktop/herramientas/EyeWitness/Python/eyewitnessryanair/screens/http.send2.change.ryanair.com.png,/home/kali/Desktop/herramientas/EyeWitness/Python/eyewitnessryanair/source/http.send2.change.ryanair.com.txt
http,80,hotels.ryanair.com,Timeout,/home/kali/Desktop/herramientas/EyeWitness/Python/eyewitnessryanair/screens/http.hotels.ryanair.com.png,/home/kali/Desktop/herramientas/EyeWitness/Python/eyewitnessryanair/source/http.hotels.ryanair.com.txt
http,80,adfs.ryanair.com,Timeout,/home/kali/Desktop/herramientas/EyeWitness/Python/eyewitnessryanair/screens/http.adfs.ryanair.com.png,/home/kali/Desktop/herramientas/EyeWitness/Python/eyewitnessryanair/source/http.adfs.ryanair.com.txt
http,80,advisory.ryanair.com,Timeout,/home/kali/Desktop/herramientas/EyeWitness/Python/eyewitnessryanair/screens/http.advisory.ryanair.com.png,/home/kali/Desktop/herramientas/EyeWitness/Python/eyewitnessryanair/source/http.advisory.ryanair.com.txt
http,80,sentry.ryanair.com,Timeout,/home/kali/Desktop/herramientas/EyeWitness/Python/eyewitnessryanair/screens/http.sentry.ryanair.com.png,/home/kali/Desktop/herramientas/EyeWitness/Python/eyewitnessryanair/source/http.sentry.ryanair.com.txt
http,80,master.mt.ryanair.com,Timeout,/home/kali/Desktop/herramientas/EyeWitness/Python/eyewitnessryanair/screens/http.master.mt.ryanair.com.png,/home/kali/Desktop/herramientas/EyeWitness/Python/eyewitnessryanair/source/http.master.mt.ryanair.com.txt
http,80,dev-fdc.ryanair.com,BadStatus,/home/kali/Desktop/herramientas/EyeWitness/Python/eyewitnessryanair/screens/http.dev-fdc.ryanair.com.png,/home/kali/Desktop/herramientas/EyeWitness/Python/eyewitnessryanair/source/http.dev-fdc.ryanair.com.txt
http,80,airporttransfers.ryanair.com,BadStatus,/home/kali/Desktop/herramientas/EyeWitness/Python/eyewitnessryanair/screens/http.airporttransfers.ryanair.com.png,/home/kali/Desktop/herramientas/EyeWitness/Python/eyewitnessryanair/source/http.airporttransfers.ryanair.com.txt
http,80,carhire.ryanair.com,Timeout,/home/kali/Desktop/herramientas/EyeWitness/Python/eyewitnessryanair/screens/http.carhire.ryanair.com.png,/home/kali/Desktop/herramientas/EyeWitness/Python/eyewitnessryanair/source/http.carhire.ryanair.com.txt
http,80,eu261compensationclaims.ryanair.com,Timeout,/home/kali/Desktop/herramientas/EyeWitness/Python/eyewitnessryanair/screens/http.eu261compensationclaims.ryanair.com.png,/home/kali/Desktop/herramientas/EyeWitness/Python/eyewitnessryanair/source/http.eu261compensationclaims.ryanair.com.txt
http,80,fltw-api-uat.ryanair.com,Timeout,/home/kali/Desktop/herramientas/EyeWitness/Python/eyewitnessryanair/screens/http.fltw-api-uat.ryanair.com.png,/home/kali/Desktop/herramientas/EyeWitness/Python/eyewitnessryanair/source/http.fltw-api-uat.ryanair.com.txt
http,80,mail2.ryanair.com,Timeout,/home/kali/Desktop/herramientas/EyeWitness/Python/eyewitnessryanair/screens/http.mail2.ryanair.com.png,/home/kali/Desktop/herramientas/EyeWitness/Python/eyewitnessryanair/source/http.mail2.ryanair.com.txt
http,80,csimages.ryanair.com,Successful,/home/kali/Desktop/herramientas/EyeWitness/Python/eyewitnessryanair/screens/http.smetrics.ryanair.com.png,/home/kali/Desktop/herramientas/EyeWitness/Python/eyewitnessryanair/source/http.csimages.ryanair.com.txt
http,80,kong-app-pci-dev.fr162-0.ryanair.com,Timeout,/home/kali/Desktop/herramientas/EyeWitness/Python/eyewitnessryanair/screens/http.kong-app-pci-dev.fr162-0.ryanair.com.png,/home/kali/Desktop/herramientas/EyeWitness/Python/eyewitnessryanair/source/http.kong-app-pci-dev.fr162-0.ryanair.com.txt
http,80,laudamotion.sit-news.fr164-1.ryanair.com,Successful,/home/kali/Desktop/herramientas/EyeWitness/Python/eyewitnessryanair/screens/http.laudamotion.sit-news.fr164-1.ryanair.com.png,/home/kali/Desktop/herramientas/EyeWitness/Python/eyewitnessryanair/source/http.laudamotion.sit-news.fr164-1.ryanair.com.txt
http,80,sit-myrooms-mail.ryanair.com,BadStatus,/home/kali/Desktop/herramientas/EyeWitness/Python/eyewitnessryanair/screens/http.sit-myrooms-mail.ryanair.com.png,/home/kali/Desktop/herramientas/EyeWitness/Python/eyewitnessryanair/source/http.sit-myrooms-mail.ryanair.com.txt
http,80,sit-services-api.ryanair.com,Successful,/home/kali/Desktop/herramientas/EyeWitness/Python/eyewitnessryanair/screens/http.sit-services-api.ryanair.com.png,/home/kali/Desktop/herramientas/EyeWitness/Python/eyewitnessryanair/source/http.sit-services-api.ryanair.com.txt
http,80,sit.b737trassessments.com,Successful,/home/kali/Desktop/herramientas/EyeWitness/Python/eyewitnessryanair/screens/http.sit.b737trassessments.com.png,/home/kali/Desktop/herramientas/EyeWitness/Python/eyewitnessryanair/source/http.sit.b737trassessments.com.txt
http,80,news.ryanair.com,Successful,/home/kali/Desktop/herramientas/EyeWitness/Python/eyewitnessryanair/screens/http.news.ryanair.com.png,/home/kali/Desktop/herramientas/EyeWitness/Python/eyewitnessryanair/source/http.news.ryanair.com.txt
http,80,mail.ryanair.com,Timeout,/home/kali/Desktop/herramientas/EyeWitness/Python/eyewitnessryanair/screens/http.mail.ryanair.com.png,/home/kali/Desktop/herramientas/EyeWitness/Python/eyewitnessryanair/source/http.mail.ryanair.com.txt
http,80,eu261claims.ryanair.com,Timeout,/home/kali/Desktop/herramientas/EyeWitness/Python/eyewitnessryanair/screens/http.eu261claims.ryanair.com.png,/home/kali/Desktop/herramientas/EyeWitness/Python/eyewitnessryanair/source/http.eu261claims.ryanair.com.txt
http,80,mailserver.change.ryanair.com,Timeout,/home/kali/Desktop/herramientas/EyeWitness/Python/eyewitnessryanair/screens/http.mailserver.change.ryanair.com.png,/home/kali/Desktop/herramientas/EyeWitness/Python/eyewitnessryanair/source/http.mailserver.change.ryanair.com.txt
http,80,oat-m.ryanair.com,Timeout,/home/kali/Desktop/herramientas/EyeWitness/Python/eyewitnessryanair/screens/http.oat-m.ryanair.com.png,/home/kali/Desktop/herramientas/EyeWitness/Python/eyewitnessryanair/source/http.oat-m.ryanair.com.txt
http,80,dev-adverts.ryanair.com,BadStatus,/home/kali/Desktop/herramientas/EyeWitness/Python/eyewitnessryanair/screens/http.dev-adverts.ryanair.com.png,/home/kali/Desktop/herramientas/EyeWitness/Python/eyewitnessryanair/source/http.dev-adverts.ryanair.com.txt
http,80,careers.ryanair.com,Timeout,/home/kali/Desktop/herramientas/EyeWitness/Python/eyewitnessryanair/screens/http.careers.ryanair.com.png,/home/kali/Desktop/herramientas/EyeWitness/Python/eyewitnessryanair/source/http.careers.ryanair.com.txt
http,80,interch.ryanair.com,Timeout,/home/kali/Desktop/herramientas/EyeWitness/Python/eyewitnessryanair/screens/http.interch.ryanair.com.png,/home/kali/Desktop/herramientas/EyeWitness/Python/eyewitnessryanair/source/http.interch.ryanair.com.txt
http,80,sit-etechlog-api.fr152.ryanair.com,Timeout,/home/kali/Desktop/herramientas/EyeWitness/Python/eyewitnessryanair/screens/http.sit-etechlog-api.fr152.ryanair.com.png,/home/kali/Desktop/herramientas/EyeWitness/Python/eyewitnessryanair/source/http.sit-etechlog-api.fr152.ryanair.com.txt
http,80,www.b737trassessments.com,Successful,/home/kali/Desktop/herramientas/EyeWitness/Python/eyewitnessryanair/screens/http.www.b737trassessments.com.png,/home/kali/Desktop/herramientas/EyeWitness/Python/eyewitnessryanair/source/http.www.b737trassessments.com.txt
http,80,sit-mntappbp.ryanair.com,Successful,/home/kali/Desktop/herramientas/EyeWitness/Python/eyewitnessryanair/screens/http.oat-mhwbp.ryanair.com.png,/home/kali/Desktop/herramientas/EyeWitness/Python/eyewitnessryanair/source/http.sit-mntappbp.ryanair.com.txt
http,80,fleethub.ryanair.com,Successful,/home/kali/Desktop/herramientas/EyeWitness/Python/eyewitnessryanair/screens/http.fleethub.ryanair.com.png,/home/kali/Desktop/herramientas/EyeWitness/Python/eyewitnessryanair/source/http.fleethub.ryanair.com.txt
http,80,change.ryanair.com,Timeout,/home/kali/Desktop/herramientas/EyeWitness/Python/eyewitnessryanair/screens/http.change.ryanair.com.png,/home/kali/Desktop/herramientas/EyeWitness/Python/eyewitnessryanair/source/http.change.ryanair.com.txt
http,80,schchng.ryanair.com,Timeout,/home/kali/Desktop/herramientas/EyeWitness/Python/eyewitnessryanair/screens/http.schchng.ryanair.com.png,/home/kali/Desktop/herramientas/EyeWitness/Python/eyewitnessryanair/source/http.schchng.ryanair.com.txt
http,80,web-goauth-api-prod.fr150.ryanair.com,Timeout,/home/kali/Desktop/herramientas/EyeWitness/Python/eyewitnessryanair/screens/http.web-goauth-api-prod.fr150.ryanair.com.png,/home/kali/Desktop/herramientas/EyeWitness/Python/eyewitnessryanair/source/http.web-goauth-api-prod.fr150.ryanair.com.txt
http,80,mock-session.fr153.ryanair.com,Timeout,/home/kali/Desktop/herramientas/EyeWitness/Python/eyewitnessryanair/screens/http.mock-session.fr153.ryanair.com.png,/home/kali/Desktop/herramientas/EyeWitness/Python/eyewitnessryanair/source/http.mock-session.fr153.ryanair.com.txt
http,80,sit-mawbp.ryanair.com,Successful,/home/kali/Desktop/herramientas/EyeWitness/Python/eyewitnessryanair/screens/http.oat-mhwbp.ryanair.com.png,/home/kali/Desktop/herramientas/EyeWitness/Python/eyewitnessryanair/source/http.sit-mawbp.ryanair.com.txt
http,80,pilotapp.ryanair.com,Timeout,/home/kali/Desktop/herramientas/EyeWitness/Python/eyewitnessryanair/screens/http.pilotapp.ryanair.com.png,/home/kali/Desktop/herramientas/EyeWitness/Python/eyewitnessryanair/source/http.pilotapp.ryanair.com.txt
http,80,mirror1.ryanair.com,Successful,/home/kali/Desktop/herramientas/EyeWitness/Python/eyewitnessryanair/screens/http.ryanairemail.com.png,/home/kali/Desktop/herramientas/EyeWitness/Python/eyewitnessryanair/source/http.mirror1.ryanair.com.txt
http,80,care.ryanair.com,Timeout,/home/kali/Desktop/herramientas/EyeWitness/Python/eyewitnessryanair/screens/http.care.ryanair.com.png,/home/kali/Desktop/herramientas/EyeWitness/Python/eyewitnessryanair/source/http.care.ryanair.com.txt
http,80,es-opensearch-testlogs.fr162-128.ryanair.com,Timeout,/home/kali/Desktop/herramientas/EyeWitness/Python/eyewitnessryanair/screens/http.es-opensearch-testlogs.fr162-128.ryanair.com.png,/home/kali/Desktop/herramientas/EyeWitness/Python/eyewitnessryanair/source/http.es-opensearch-testlogs.fr162-128.ryanair.com.txt
http,80,laudamotion.dev-news.fr164-0.ryanair.com,Successful,/home/kali/Desktop/herramientas/EyeWitness/Python/eyewitnessryanair/screens/http.laudamotion.dev-news.fr164-0.ryanair.com.png,/home/kali/Desktop/herramientas/EyeWitness/Python/eyewitnessryanair/source/http.laudamotion.dev-news.fr164-0.ryanair.com.txt
http,80,dev-buzzair.fr164-0.ryanair.com,Successful,/home/kali/Desktop/herramientas/EyeWitness/Python/eyewitnessryanair/screens/http.dev-buzzair.fr164-0.ryanair.com.png,/home/kali/Desktop/herramientas/EyeWitness/Python/eyewitnessryanair/source/http.dev-buzzair.fr164-0.ryanair.com.txt
http,80,www.ryanair.com,Timeout,/home/kali/Desktop/herramientas/EyeWitness/Python/eyewitnessryanair/screens/http.www.ryanair.com.png,/home/kali/Desktop/herramientas/EyeWitness/Python/eyewitnessryanair/source/http.www.ryanair.com.txt
http,80,intranet.ryanair.com,Successful,/home/kali/Desktop/herramientas/EyeWitness/Python/eyewitnessryanair/screens/http.intranet.ryanair.com.png,/home/kali/Desktop/herramientas/EyeWitness/Python/eyewitnessryanair/source/http.intranet.ryanair.com.txt
http,80,smetrics.ryanair.com,Successful,/home/kali/Desktop/herramientas/EyeWitness/Python/eyewitnessryanair/screens/http.smetrics.ryanair.com.png,/home/kali/Desktop/herramientas/EyeWitness/Python/eyewitnessryanair/source/http.smetrics.ryanair.com.txt
http,80,sit-news.fr164-1.ryanair.com,Successful,/home/kali/Desktop/herramientas/EyeWitness/Python/eyewitnessryanair/screens/http.sit-news.fr164-1.ryanair.com.png,/home/kali/Desktop/herramientas/EyeWitness/Python/eyewitnessryanair/source/http.sit-news.fr164-1.ryanair.com.txt
http,80,prometheus.fr163-0.ryanair.com,Timeout,/home/kali/Desktop/herramientas/EyeWitness/Python/eyewitnessryanair/screens/http.prometheus.fr163-0.ryanair.com.png,/home/kali/Desktop/herramientas/EyeWitness/Python/eyewitnessryanair/source/http.prometheus.fr163-0.ryanair.com.txt
http,80,privatetransfers.ryanair.com,Successful,/home/kali/Desktop/herramientas/EyeWitness/Python/eyewitnessryanair/screens/http.privatetransfers.ryanair.com.png,/home/kali/Desktop/herramientas/EyeWitness/Python/eyewitnessryanair/source/http.privatetransfers.ryanair.com.txt
http,80,uat-etechlog-api.fr152.ryanair.com,Timeout,/home/kali/Desktop/herramientas/EyeWitness/Python/eyewitnessryanair/screens/http.uat-etechlog-api.fr152.ryanair.com.png,/home/kali/Desktop/herramientas/EyeWitness/Python/eyewitnessryanair/source/http.uat-etechlog-api.fr152.ryanair.com.txt
http,80,fltw-admin-sit.ryanair.com,Timeout,/home/kali/Desktop/herramientas/EyeWitness/Python/eyewitnessryanair/screens/http.fltw-admin-sit.ryanair.com.png,/home/kali/Desktop/herramientas/EyeWitness/Python/eyewitnessryanair/source/http.fltw-admin-sit.ryanair.com.txt
http,80,sit-ota.ryanair.com,Successful,/home/kali/Desktop/herramientas/EyeWitness/Python/eyewitnessryanair/screens/http.sit-ota.ryanair.com.png,/home/kali/Desktop/herramientas/EyeWitness/Python/eyewitnessryanair/source/http.sit-ota.ryanair.com.txt
http,80,service.ryanairemails.com,Successful,/home/kali/Desktop/herramientas/EyeWitness/Python/eyewitnessryanair/screens/http.ryanairemail.com.png,/home/kali/Desktop/herramientas/EyeWitness/Python/eyewitnessryanair/source/http.service.ryanairemails.com.txt
http,80,sit-mgpbp.ryanair.com,Successful,/home/kali/Desktop/herramientas/EyeWitness/Python/eyewitnessryanair/screens/http.oat-mhwbp.ryanair.com.png,/home/kali/Desktop/herramientas/EyeWitness/Python/eyewitnessryanair/source/http.sit-mgpbp.ryanair.com.txt
http,80,uat-myrooms-images.ryanair.com,BadStatus,/home/kali/Desktop/herramientas/EyeWitness/Python/eyewitnessryanair/screens/http.uat-myrooms-images.ryanair.com.png,/home/kali/Desktop/herramientas/EyeWitness/Python/eyewitnessryanair/source/http.uat-myrooms-images.ryanair.com.txt
http,80,oat-mntapp3ds.ryanair.com,Successful,/home/kali/Desktop/herramientas/EyeWitness/Python/eyewitnessryanair/screens/http.oat-mhwbp.ryanair.com.png,/home/kali/Desktop/herramientas/EyeWitness/Python/eyewitnessryanair/source/http.oat-mntapp3ds.ryanair.com.txt
http,80,mpr-api.ryanair.com,Timeout,/home/kali/Desktop/herramientas/EyeWitness/Python/eyewitnessryanair/screens/http.mpr-api.ryanair.com.png,/home/kali/Desktop/herramientas/EyeWitness/Python/eyewitnessryanair/source/http.mpr-api.ryanair.com.txt
http,80,oat-mntappgp.ryanair.com,Successful,/home/kali/Desktop/herramientas/EyeWitness/Python/eyewitnessryanair/screens/http.oat-mhwbp.ryanair.com.png,/home/kali/Desktop/herramientas/EyeWitness/Python/eyewitnessryanair/source/http.oat-mntappgp.ryanair.com.txt
http,80,onlineform.ryanair.com,Timeout,/home/kali/Desktop/herramientas/EyeWitness/Python/eyewitnessryanair/screens/http.onlineform.ryanair.com.png,/home/kali/Desktop/herramientas/EyeWitness/Python/eyewitnessryanair/source/http.onlineform.ryanair.com.txt
http,80,mirror2.ryanair.com,Successful,/home/kali/Desktop/herramientas/EyeWitness/Python/eyewitnessryanair/screens/http.ryanairemail.com.png,/home/kali/Desktop/herramientas/EyeWitness/Python/eyewitnessryanair/source/http.mirror2.ryanair.com.txt
http,80,dev-mntappas.ryanair.com,Successful,/home/kali/Desktop/herramientas/EyeWitness/Python/eyewitnessryanair/screens/http.dev-mntappas.ryanair.com.png,/home/kali/Desktop/herramientas/EyeWitness/Python/eyewitnessryanair/source/http.dev-mntappas.ryanair.com.txt
http,80,ux.ryanair.com,BadStatus,/home/kali/Desktop/herramientas/EyeWitness/Python/eyewitnessryanair/screens/http.ux.ryanair.com.png,/home/kali/Desktop/herramientas/EyeWitness/Python/eyewitnessryanair/source/http.ux.ryanair.com.txt
http,80,investor.ryanair.com,Timeout,/home/kali/Desktop/herramientas/EyeWitness/Python/eyewitnessryanair/screens/http.investor.ryanair.com.png,/home/kali/Desktop/herramientas/EyeWitness/Python/eyewitnessryanair/source/http.investor.ryanair.com.txt
http,80,uat-booking-mobile.fr152.ryanair.com,Timeout,/home/kali/Desktop/herramientas/EyeWitness/Python/eyewitnessryanair/screens/http.uat-booking-mobile.fr152.ryanair.com.png,/home/kali/Desktop/herramientas/EyeWitness/Python/eyewitnessryanair/source/http.uat-booking-mobile.fr152.ryanair.com.txt
http,80,web-mdr-upload-api-oat.fr150.ryanair.com,BadStatus,/home/kali/Desktop/herramientas/EyeWitness/Python/eyewitnessryanair/screens/http.web-mdr-upload-api-oat.fr150.ryanair.com.png,/home/kali/Desktop/herramientas/EyeWitness/Python/eyewitnessryanair/source/http.web-mdr-upload-api-oat.fr150.ryanair.com.txt
http,80,internal-app-alb.internalkong.prod.ryanair.com,Timeout,/home/kali/Desktop/herramientas/EyeWitness/Python/eyewitnessryanair/screens/http.internal-app-alb.internalkong.prod.ryanair.com.png,/home/kali/Desktop/herramientas/EyeWitness/Python/eyewitnessryanair/source/http.internal-app-alb.internalkong.prod.ryanair.com.txt
http,80,external-app-alb.externalkong.nonprod.ryanair.com,Successful,/home/kali/Desktop/herramientas/EyeWitness/Python/eyewitnessryanair/screens/http.external-app-alb.externalkong.nonprod.ryanair.com.png,/home/kali/Desktop/herramientas/EyeWitness/Python/eyewitnessryanair/source/http.external-app-alb.externalkong.nonprod.ryanair.com.txt
http,80,sit-developer.ryanair.com,Successful,/home/kali/Desktop/herramientas/EyeWitness/Python/eyewitnessryanair/screens/http.smetrics.ryanair.com.png,/home/kali/Desktop/herramientas/EyeWitness/Python/eyewitnessryanair/source/http.sit-developer.ryanair.com.txt
http,80,fltinf-api.ryanair.com,BadStatus,/home/kali/Desktop/herramientas/EyeWitness/Python/eyewitnessryanair/screens/http.fltinf-api.ryanair.com.png,/home/kali/Desktop/herramientas/EyeWitness/Python/eyewitnessryanair/source/http.fltinf-api.ryanair.com.txt
http,80,blog.ryanair.com,Successful,/home/kali/Desktop/herramientas/EyeWitness/Python/eyewitnessryanair/screens/http.blog.ryanair.com.png,/home/kali/Desktop/herramientas/EyeWitness/Python/eyewitnessryanair/source/http.blog.ryanair.com.txt
http,80,www.ryanairemail.com,Successful,/home/kali/Desktop/herramientas/EyeWitness/Python/eyewitnessryanair/screens/http.ryanairemail.com.png,/home/kali/Desktop/herramientas/EyeWitness/Python/eyewitnessryanair/source/http.www.ryanairemail.com.txt
http,80,fltw-admin.ryanair.com,Timeout,/home/kali/Desktop/herramientas/EyeWitness/Python/eyewitnessryanair/screens/http.fltw-admin.ryanair.com.png,/home/kali/Desktop/herramientas/EyeWitness/Python/eyewitnessryanair/source/http.fltw-admin.ryanair.com.txt
http,80,uat-api.ryanair.com,Timeout,/home/kali/Desktop/herramientas/EyeWitness/Python/eyewitnessryanair/screens/http.uat-api.ryanair.com.png,/home/kali/Desktop/herramientas/EyeWitness/Python/eyewitnessryanair/source/http.uat-api.ryanair.com.txt
http,80,dev-basetransfer-api.ryanair.com,Timeout,/home/kali/Desktop/herramientas/EyeWitness/Python/eyewitnessryanair/screens/http.dev-basetransfer-api.ryanair.com.png,/home/kali/Desktop/herramientas/EyeWitness/Python/eyewitnessryanair/source/http.dev-basetransfer-api.ryanair.com.txt
http,80,mdr-upload-api.ryanair.com,Timeout,/home/kali/Desktop/herramientas/EyeWitness/Python/eyewitnessryanair/screens/http.mdr-upload-api.ryanair.com.png,/home/kali/Desktop/herramientas/EyeWitness/Python/eyewitnessryanair/source/http.mdr-upload-api.ryanair.com.txt
http,80,uat-mhwbp.ryanair.com,Successful,/home/kali/Desktop/herramientas/EyeWitness/Python/eyewitnessryanair/screens/http.uat-mhwbp.ryanair.com.png,/home/kali/Desktop/herramientas/EyeWitness/Python/eyewitnessryanair/source/http.uat-mhwbp.ryanair.com.txt
http,80,stftravel2.ryanair.com,Successful,/home/kali/Desktop/herramientas/EyeWitness/Python/eyewitnessryanair/screens/http.stftravel2.ryanair.com.png,/home/kali/Desktop/herramientas/EyeWitness/Python/eyewitnessryanair/source/http.stftravel2.ryanair.com.txt
http,80,sit-booking-availi.fr152.ryanair.com,Timeout,/home/kali/Desktop/herramientas/EyeWitness/Python/eyewitnessryanair/screens/http.sit-booking-availi.fr152.ryanair.com.png,/home/kali/Desktop/herramientas/EyeWitness/Python/eyewitnessryanair/source/http.sit-booking-availi.fr152.ryanair.com.txt
http,80,dev.b737trassessments.com,Successful,/home/kali/Desktop/herramientas/EyeWitness/Python/eyewitnessryanair/screens/http.dev.b737trassessments.com.png,/home/kali/Desktop/herramientas/EyeWitness/Python/eyewitnessryanair/source/http.dev.b737trassessments.com.txt
http,80,mdr-access-api.ryanair.com,Timeout,/home/kali/Desktop/herramientas/EyeWitness/Python/eyewitnessryanair/screens/http.mdr-access-api.ryanair.com.png,/home/kali/Desktop/herramientas/EyeWitness/Python/eyewitnessryanair/source/http.mdr-access-api.ryanair.com.txt
http,80,oat-mhwbp.ryanair.com,Successful,/home/kali/Desktop/herramientas/EyeWitness/Python/eyewitnessryanair/screens/http.oat-mhwbp.ryanair.com.png,/home/kali/Desktop/herramientas/EyeWitness/Python/eyewitnessryanair/source/http.oat-mhwbp.ryanair.com.txt
http,80,dev-airsidegreen.fr164-0.ryanair.com,Successful,/home/kali/Desktop/herramientas/EyeWitness/Python/eyewitnessryanair/screens/http.dev-airsidegreen.fr164-0.ryanair.com.png,/home/kali/Desktop/herramientas/EyeWitness/Python/eyewitnessryanair/source/http.dev-airsidegreen.fr164-0.ryanair.com.txt
http,80,help.ryanair.com,Successful,/home/kali/Desktop/herramientas/EyeWitness/Python/eyewitnessryanair/screens/http.help.ryanair.com.png,/home/kali/Desktop/herramientas/EyeWitness/Python/eyewitnessryanair/source/http.help.ryanair.com.txt
http,80,prod-basket-api.fr150.ryanair.com,Timeout,/home/kali/Desktop/herramientas/EyeWitness/Python/eyewitnessryanair/screens/http.prod-basket-api.fr150.ryanair.com.png,/home/kali/Desktop/herramientas/EyeWitness/Python/eyewitnessryanair/source/http.prod-basket-api.fr150.ryanair.com.txt
http,80,booking-api-oat.fr150.ryanair.com,Timeout,/home/kali/Desktop/herramientas/EyeWitness/Python/eyewitnessryanair/screens/http.booking-api-oat.fr150.ryanair.com.png,/home/kali/Desktop/herramientas/EyeWitness/Python/eyewitnessryanair/source/http.booking-api-oat.fr150.ryanair.com.txt
http,80,kong-admin-pci-exp.fr162-0.ryanair.com,Timeout,/home/kali/Desktop/herramientas/EyeWitness/Python/eyewitnessryanair/screens/http.kong-admin-pci-exp.fr162-0.ryanair.com.png,/home/kali/Desktop/herramientas/EyeWitness/Python/eyewitnessryanair/source/http.kong-admin-pci-exp.fr162-0.ryanair.com.txt
http,80,ryanairita.ryanair.com,BadStatus,/home/kali/Desktop/herramientas/EyeWitness/Python/eyewitnessryanair/screens/http.ryanairita.ryanair.com.png,/home/kali/Desktop/herramientas/EyeWitness/Python/eyewitnessryanair/source/http.ryanairita.ryanair.com.txt
http,80,ryanair.de,Timeout,/home/kali/Desktop/herramientas/EyeWitness/Python/eyewitnessryanair/screens/http.ryanair.de.png,/home/kali/Desktop/herramientas/EyeWitness/Python/eyewitnessryanair/source/http.ryanair.de.txt
http,80,tickets.ryanair.com,Timeout,/home/kali/Desktop/herramientas/EyeWitness/Python/eyewitnessryanair/screens/http.tickets.ryanair.com.png,/home/kali/Desktop/herramientas/EyeWitness/Python/eyewitnessryanair/source/http.tickets.ryanair.com.txt